Фёкла Вадимовна Козлова;Солнечногорск;ш. Поперечное, д. 2/1;Зарубежнефть;Тыловик;8 (815) 049-24-16;terenti29@yandex.ru;1987-05-03;194578
Иванна Натановна Самсонова;Старая Русса;пр. Тамбовский, д. 53;ГК Титан;Лекальщик;8 (152) 743-8567;evdokim39@yandex.ru;1977-09-30;75519
Марков Фортунат Абрамович;Тверь;ш. Лермонтова, д. 67 стр. 3/4;Мечел;Робототехник;8 (758) 244-7136;radovan_98@gmail.com;1963-09-20;176426
Горбунова Прасковья Ефимовна;Шали;бул. Никитина, д. 33;А-Ойл;Веб-интегратор;8 (169) 082-64-18;foka_73@yandex.ru;2005-02-09;149968
Ефим Яковлевич Капустин;Хужир;ул. Кедровая, д. 9 стр. 3/5;Eurasia Drilling Company;Торакальный хирург;88222762892;ereme_02@mail.ru;1996-05-14;152059
Творимир Глебович Кулагин;Лазаревское;пер. Казачий, д. 396 к. 43;Компания Адамас;Мясник;8 (675) 558-13-32;filaret2009@yandex.ru;1975-05-14;87889
Тимофеев Куприян Феоктистович;Сковородино;ш. Стадионное, д. 7/5 к. 3;Беркс;Менеджер;+73200160620;mihe56@mail.ru;1962-10-09;126410
Конон Валерьевич Селиверстов;Биробиджан;бул. Камский, д. 10;Хенкель Рус (Henkel);Пластический хирург;8 (283) 950-63-25;danilovavasilisa@yandex.ru;1985-05-14;59230
Мишин Авдей Терентьевич;Юрьевец (Иван.);ш. Правды, д. 6/8 к. 45;Нестле Россия (Nestle);Химик;+78794253058;minakononov@gmail.com;1986-03-18;90415
Эрнест Исидорович Калашников;Тикси;бул. Красный, д. 47 к. 324;Роснефть;Парфюмер;89403771967;volkovaanzhelika@gmail.com;1962-03-15;188175
Маргарита Святославовна Лаврентьева;Поярково;пр. Ленский, д. 39 к. 68;Нортгаз;Веб-мастер;8 (736) 593-9510;xpahomova@rambler.ru;1959-12-11;45425
Мартынова Ксения Алексеевна;Ахтубинск;бул. Титова, д. 82 стр. 219;171 Меридиан;Военный судья;+72851397019;askolddjachkov@yandex.ru;1992-12-23;88051
Горбунова Лора Вадимовна;Верхнее Пенжино;пер. Речной, д. 9/2 к. 6;ПК Балтика (Carlsbergfondet);Монтажник;8 577 756 04 31;tihonovairaida@yahoo.com;1999-09-05;77404
Осип Иосипович Кошелев;Тавда;ул. Челюскинцев, д. 630;Загорский трубный завод;Бортмеханик;8 072 452 2399;filimonkabanov@mail.ru;1992-12-04;145346
Елисеева Галина Алексеевна;Артем;алл. Тургенева, д. 7;Купишуз (Lamoda);Экспедитор;+79287496825;venedikt_14@gmail.com;1998-09-21;46747
Глафира Степановна Павлова;Кяхта;пр. Павлика Морозова, д. 73 стр. 1/7;Инвестнефтетрейд;Геодезист;+76018890735;epifan_1971@yahoo.com;1998-04-08;120095
Беспалов Савва Артемьевич;Смирных;алл. Мирная, д. 123;Группа Черкизово;Парикмахер;+78533630522;kopilovisa@yahoo.com;2006-01-30;58535
Семенова Ирина Анатольевна;Малоярославец;алл. Металлистов, д. 7/8 стр. 7;Вертолеты России;Лимфолог;+7 (760) 546-58-66;evlampi_55@hotmail.com;1976-08-29;167336
Лариса Болеславовна Харитонова;Бомнак;пер. Речной, д. 580;Банковский холдинг Альфа-банка;Жиловщик/Обвальщик;+7 048 490 87 01;nestor_2004@yandex.ru;2005-10-07;98554
Боброва Жанна Эльдаровна;Сальск;пр. Мусы Джалиля, д. 10 к. 7;Хоум Кредит энд Финанс Банк (PPF);Табунщик;8 389 181 64 20;denis_26@gmail.com;2004-04-29;150811
Сергей Изотович Анисимов;Пушкино (Моск.);ш. Попова, д. 2;Салым Петролеум;Кинолог;8 861 730 6758;natalja_05@mail.ru;1979-07-07;53438
Волкова Нина Максимовна;Дно;бул. Островского, д. 828 стр. 3/7;Камский кабель;Массажист;8 670 440 46 09;gusevviktorin@yahoo.com;1980-10-10;178560
Алина Захаровна Евдокимова;Йошкар-Ола;ул. Светлая, д. 46 стр. 8;Приосколье;Комбайнер;+7 (776) 448-6677;dshilov@rambler.ru;2000-07-07;137750
Зиновий Якубович Лыткин;Тюмень;пер. Березовый, д. 7 стр. 43;Трансмашхолдинг;Агроном-почвовед;8 704 998 8373;avksenti_1972@hotmail.com;1989-10-07;189385
Святослав Дмитриевич Титов;Сергиев Посад;пер. Титова, д. 11;Стройсервис;Государственный исполнитель;8 (082) 587-0488;doroninprokofi@gmail.com;1990-08-01;65960
Корнилов Антонин Адрианович;Миллерово;пр. Шахтерский, д. 48 к. 8;Иркутская нефтяная компания;Дипломат;8 072 228 43 54;okrjukov@rambler.ru;1970-10-28;149355
Галина Леонидовна Ситникова;Элиста;бул. Маркса, д. 3/1 стр. 6/2;Верисел-трейдинг;Инфекционист;8 752 871 4835;zhanna1977@mail.ru;1956-02-20;70911
Меркушев Гордей Елисеевич;Урус-Мартан;пр. Просвещения, д. 95 к. 561;Торговая сеть Красное и Белое;Маркетолог;8 459 937 61 82;gorshkovjan@mail.ru;1993-10-31;198093
Пимен Изотович Щукин;Ноглики;ул. Павлика Морозова, д. 8;РусГидро;Учитель;84671705977;venedikt_1977@hotmail.com;1980-04-17;123157
Яковлев Никон Валерьянович;Туруханск;пр. Кольцова, д. 4 стр. 4/1;Международный аэропорт Шереметьево;Капитан судна;8 (432) 619-20-52;nestor_1994@rambler.ru;1977-03-08;22029
Лазарева Лора Егоровна;Выборг;ул. Металлургов, д. 6/8;Велесстрой;Горнострелок;+7 (203) 591-29-40;averki2010@gmail.com;1967-07-29;38202
Григорьев Кирилл Андреевич;Тольятти;ул. Крупской, д. 877 к. 437;Авиакомпания Икар;Интендант;+7 (369) 738-3336;muhinanatalja@gmail.com;1953-04-06;122700
г-н Панов Клавдий Ефимович;Новый Оскол;пр. Ольховый, д. 55 стр. 43;Группа О'кей;Микробиолог;8 525 520 50 81;averkigorshkov@rambler.ru;1993-01-03;80517
Аверьян Августович Денисов;Глазов;пер. Культуры, д. 606 к. 8/9;Рулог (Havi);Генетик;8 301 358 25 77;solomongavrilov@rambler.ru;1959-06-07;28096
Лобанов Владлен Измаилович;Оленегорск (Якут.);ул. Ростовская, д. 9/6 к. 8/5;Государственная транспортная лизинговая компания;Генетик;+7 130 367 01 53;kapustinfoma@yandex.ru;1999-06-21;44829
Агафонова Любовь Ивановна;Невьянск;пер. Курский, д. 644 стр. 8/6;Татэнергосбыт;Декан;8 213 839 2964;eduardsidorov@rambler.ru;1961-07-03;90713
Онуфрий Дорофеевич Медведев;Челюскин;ш. Воровского, д. 55 стр. 33;Эйвон Бьюти Продактс Компани (Avon);Врач МСЭК;+71944898399;artemi06@rambler.ru;1960-04-22;109117
тов. Сорокина Клавдия Матвеевна;Псков;алл. Ягодная, д. 74;Вита Лайн;Тренд-вотчер;89239719680;agafonovstojan@mail.ru;1980-05-21;115019
Анастасия Артемовна Смирнова;Серпухов;наб. Сибирская, д. 830 к. 8;Лаборатория Касперского;Трейдер;+7 734 090 57 26;maja_1979@hotmail.com;1990-04-20;90315
Агата Ильинична Кондратьева;Верхнее Пенжино;алл. Жуковского, д. 9/9;Мосинжпроект;Биолог;8 361 122 09 57;lobanovaalevtina@gmail.com;1967-03-27;87291
Одинцов Ефрем Ефимьевич;Семлячики;ш. Песчаное, д. 18 к. 23;ИКЕА Торг (INGKA);Флорист;+78096598683;pestovairaida@rambler.ru;1979-01-05;133734
Морозова Марфа Ефимовна;Вытегра;пр. Стадионный, д. 5/2 к. 262;Группа ГАЗ;Грейдерист;8 383 791 0557;eduardmamontov@gmail.com;1998-11-04;98346
Буров Онуфрий Валерьянович;Нарым;ш. Нефтяников, д. 46 стр. 925;ДНС Групп;Инженер-механик;+7 499 908 3023;frol_1991@mail.ru;1998-10-03;164381
Светозар Тихонович Костин;Ярославль;ул. Астраханская, д. 737 стр. 76;ПК Балтика (Carlsbergfondet);Инженер-технолог;87443477463;valentina_1977@rambler.ru;1953-04-02;99724
Ананий Ефимьевич Егоров;Кинешма;бул. Космонавтов, д. 6 стр. 1/9;Inventive Retail Group;Лётчик;8 043 824 9086;avdeevlev@rambler.ru;1953-08-12;27062
Веселова Мария Сергеевна;Чебоксары;ул. Павлова, д. 3 к. 50;ТД Ункомтех;Морской пехотинец;8 660 587 23 22;zhuravlevvadim@yandex.ru;1982-10-30;103961
Игнатьева София Валериевна;Воронеж;алл. Станиславского, д. 26 к. 62;Т2 РТК Холдинг;Хлебороб;+7 313 262 18 07;grigori_17@mail.ru;1970-06-23;149084
Смирнова Марфа Сергеевна;Сухиничи;ш. Троицкое, д. 9;БМВ Русланд Трейдинг (BMW);Мануалист;8 (594) 234-15-74;gedeon_35@yahoo.com;2000-12-25;41980
Белозеров Константин Фадеевич;Александров Гай;наб. Огородная, д. 6 к. 8/2;Рулог (Havi);Животновод;+7 (340) 521-3819;mishinapraskovja@mail.ru;1988-04-07;81946
София Андреевна Исакова;Курганинск;ш. Дарвина, д. 991 к. 6;Крокус;Менеджер по работе с клиентами;8 247 935 9116;timur_49@hotmail.com;1983-05-05;44100
Корнилова Галина Дмитриевна;Комсомольск-на-Амуре;ш. Тюленина, д. 9/9;Группа Газфонд;Продавец;+7 204 880 4650;ladimir_29@yahoo.com;2005-02-11;58975
Ия Болеславовна Герасимова;Арсеньев;пр. Комарова, д. 84 к. 5;Монди СЛПК (Mondi);Антрополог;+72737358338;varvara_22@gmail.com;1980-05-24;63566
Устинова Дарья Владиславовна;Быково (метеост.);пер. Васильковый, д. 9/5 к. 3/7;Балтийская топливная компания;Актуарий;+7 937 102 0781;sofron_1985@yandex.ru;1956-05-27;191579
Егоров Софон Гордеевич;Заводоуковск;наб. Высоцкого, д. 2 стр. 650;Сатурн-Р;Музыкант;+7 (106) 791-35-97;beljaevsimon@mail.ru;1959-06-13;141366
Агафья Вячеславовна Сысоева;Темрюк;пер. 60 лет Октября, д. 4;Иркутская нефтяная компания;Модельер;+7 051 607 1302;sobolevsilanti@mail.ru;1991-05-11;63381
Нонна Ждановна Емельянова;Курчатов;бул. Молодежный, д. 7 стр. 5/7;Водоканал Санкт-Петербурга;Аккумуляторщик;+7 573 821 6598;tvorimirarhipov@rambler.ru;1988-08-10;85733
Клавдия Эдуардовна Кабанова;Старый Оскол;пр. Малиновый, д. 24 стр. 319;Восточная техника (Vost-Tech);Хлопокороб;89040698340;rozhkovairina@gmail.com;1965-11-12;58485
Ширяева Таисия Ивановна;Бугуруслан;пр. Маркса Карла, д. 8 стр. 4;СДС Азот;Монтажник;8 (673) 693-63-63;smirnovvaleri@hotmail.com;1957-01-04;114319
Фаина Натановна Кудряшова;Кижи;пер. Невского, д. 942 к. 31;Объединенная компания Связной — Евросеть;Агроном;8 322 315 2172;sorokinaagata@hotmail.com;1982-11-24;171148
Ираида Романовна Блинова;Таганрог;ш. Коллективное, д. 72;Компания Луис Дрейфус Восток (Louis Dreyfus);Лётчик;86847704118;efrem2001@rambler.ru;1966-03-27;39332
Милица Харитоновна Артемьева;Двинской;ш. Физкультурное, д. 2;СНПХ;Метрдотель;8 (735) 911-57-48;vinogradovaristarh@gmail.com;1989-04-27;192009
Белозеров Никита Адрианович;Белореченск;пер. Енисейский, д. 7/1 к. 8/1;Сиско Солюшенз (Cisco);Начальник военного оркестра;+7 (924) 304-4142;samuil02@rambler.ru;1982-06-24;153456
Жанна Леонидовна Рожкова;Адлер;пр. Осипенко, д. 8;Протек;Повар;+7 (466) 333-32-70;sidorovleon@gmail.com;1997-07-21;149678
Гурий Абрамович Блохин;Котлас;наб. Краснодарская, д. 4 к. 771;ГК Фаворит Моторс;Психиатр;+7 (174) 005-6614;julidjachkov@mail.ru;1964-10-18;79809
Аркадий Германович Александров;Мурманск;алл. Шишкина, д. 30 к. 72;БСС;Военно-полевой хирург;+7 439 287 3636;pavlovmodest@hotmail.com;1970-12-26;161161
Ладимир Анисимович Александров;Воскресенск;пер. Демьяна Бедного, д. 349 стр. 4/8;Белуга Групп;Зоолог;8 (895) 609-59-99;agata1984@hotmail.com;1987-07-27;75683
Казимир Владиславович Карпов;Челюскин;бул. Смирнова, д. 114 к. 989;Объединенная компания Связной — Евросеть;Министр;8 (424) 238-92-60;radovan2013@rambler.ru;1976-12-20;93963
Евсеев Устин Давидович;Волхов;бул. Советской Армии, д. 9/1 стр. 8;Брок-Инвест-Сервис и К;Сапожник;82870371153;azari46@hotmail.com;1965-12-23;174274
Яковлев Леонид Тимурович;Апатиты;наб. 30 лет Победы, д. 1/3;Ростех;Косметолог;+7 (846) 680-37-03;blohinaskold@yahoo.com;1963-08-25;71997
Любовь Константиновна Селиверстова;Озеры;бул. Гайдара, д. 8/5;Арктикгаз;Машинистка;+7 346 245 4748;kazakovaevfrosinija@yandex.ru;1973-07-08;154231
Матвей Вячеславович Исаев;Пышма;ш. 30 лет Победы, д. 1/2 стр. 778;Агросила Групп;Веб-мастер;+7 (643) 949-7004;vladimirovizot@mail.ru;1963-12-26;61432
Егор Юлианович Гаврилов;Геленджик;наб. Казанская, д. 458;РЕ Трэйдинг (LPP);Архитектор;+7 (301) 503-98-03;alevtina12@yahoo.com;2002-11-22;90138
тов. Молчанова Алина Тимуровна;Артем;ш. Бригадное, д. 85 к. 7;Росатом;Физиотерапевт;+7 941 787 81 60;kulaginsaveli@yandex.ru;1995-04-22;42546
Нинель Руслановна Емельянова;Североморск;ул. Заовражная, д. 6 к. 3;ДК Рус;Звукорежиссёр;8 953 581 38 69;viktor34@hotmail.com;1990-10-18;145350
Алексей Иосипович Колобов;Верхотурье;пер. Павлова, д. 6 стр. 4;Ферреро Руссия (Ferrero);Невропатолог;+7 897 565 5983;svetozar_2002@gmail.com;1985-03-13;101852
Ладислав Германович Блинов;Листвянка (Иркут.);наб. Покровская, д. 41 к. 8;Юг Руси;Формовщик;8 (376) 255-0834;gavrila03@gmail.com;1965-01-10;98539
Петухов Лев Геннадиевич;Калач;ш. Островского, д. 36 стр. 8;ГК Автомир;Канонир;+7 (034) 376-57-31;azari71@gmail.com;1984-10-02;20667
Ипатий Гертрудович Моисеев;Ковров;пер. Набережный, д. 2 к. 49;Транстрейдойл;Гример;87795185127;antoninvoronov@yandex.ru;1967-10-02;61497
Арсений Анисимович Медведев;Жигулевск;ш. Южное, д. 594 к. 33;Неофарм;Логик;+7 (902) 101-79-23;sofija66@rambler.ru;1973-03-08;167991
Твердислав Витальевич Жуков;Орск;ш. Астраханское, д. 52 стр. 29;Объединенная авиастроительная корпорация;Гренадер;+7 381 289 7663;taisija_14@gmail.com;1995-04-17;133052
Мстислав Игоревич Лихачев;Кингисепп;пер. Сиреневый, д. 99 стр. 5/8;Морской терминал Тамань;Прозектор;+7 (219) 013-1966;kapiton_55@gmail.com;1993-04-09;111030
Ананий Антонович Федоров;Невельск;бул. Главный, д. 7/9 к. 3/4;ГК Орими Трэйд;Месильщик;8 734 064 4889;vishnjakovaevgenija@mail.ru;1967-09-28;86181
Феоктист Адрианович Комиссаров;Губаха;ул. Мира, д. 5 стр. 2;Юг-Авто;Музыкант;8 853 422 4273;vitali80@gmail.com;1959-09-16;64383
Кондратий Александрович Журавлев;Бирск;ул. Транспортная, д. 76 к. 9/8;Дочки-Сыночки;Эколог;+7 (083) 177-7191;isakovakira@mail.ru;1962-01-01;69456
Кузьмина Вера Рудольфовна;Тимашевск;ул. Маркса, д. 6/2 стр. 6/7;МУМТ (BAT);Телемастер;+7 (965) 845-0372;nharitonova@gmail.com;1980-02-07;89022
Орлова Синклитикия Валентиновна;Волгоград;ул. Ростовская, д. 419 к. 403;Компания Трасса;Выпускающий редактор;8 298 312 39 94;dmitrigorshkov@mail.ru;1984-07-13;51551
Наталья Руслановна Симонова;Курск;алл. Полтавская, д. 1/7 к. 60;ФК Пульс;Терапевт;8 420 207 5077;provblohin@hotmail.com;1995-05-29;47077
Ферапонт Всеволодович Сорокин;Ессентуки;пр. Полярный, д. 4/2 стр. 5;Северный ветер;Зенитчик;+7 (619) 415-4755;apollinari1998@yandex.ru;1955-06-04;135092
Елизавета Ждановна Медведева;Плес;бул. Лесхозный, д. 8/1;Новартис Фарма (Novartis);Сценарист;8 (490) 351-89-30;poljakovakim@yahoo.com;1982-08-13;97799
Большакова Екатерина Ивановна;Минусинск;бул. Крайний, д. 2/5 к. 955;Азбука вкуса;Печатник;8 (863) 443-7065;kudrjashovsamson@yahoo.com;1986-03-04;123282
Юлия Геннадьевна Коновалова;Невельск;пер. Геологический, д. 23;ЧТПЗ;Маркшейдер;+72342120281;solovevvaleri@gmail.com;1971-11-16;127431
Майя Артемовна Киселева;Шелехов;алл. Волгоградская, д. 7;Мособлгаз;Коневод;+7 154 135 7391;dmitrievvenedikt@mail.ru;1997-01-11;50058
Александров Павел Дмитриевич;Усть-Катав;пр. Химиков, д. 97 стр. 8;Группа РТК;Администратор базы данных;+73534100555;nina54@mail.ru;1975-01-31;87388
Колобов Николай Жанович;Кунгур;алл. Томская, д. 8 к. 5;ФК Гранд Капитал;Библиотекарь;86287935558;afinogen07@gmail.com;2000-04-24;68546
Антонов Эдуард Терентьевич;Медногорск;ш. Толстого, д. 28 к. 9;Уралкалий;Виноградарь;+74091028622;osip_06@gmail.com;1992-08-20;34387
Сергеев Вацлав Августович;Самара;бул. Ивановский, д. 14;Нортгаз;Кинорежиссер;83619495910;eleonora_2001@gmail.com;1998-12-17;137507
Никонова Екатерина Евгеньевна;Колпашево;бул. Лесный, д. 96;Таграс (ТНГ-Групп);Инженер-гидравлик;8 (120) 774-78-12;prohoroverofe@rambler.ru;1978-05-24;31642
Жданов Гедеон Авдеевич;Моршанск;бул. Казанский, д. 82;Башкирская содовая компания;Гитарист;+7 537 316 93 24;bojan_07@mail.ru;1976-01-23;26220
Таисия Святославовна Чернова;Кяхта;алл. Парковая, д. 527 к. 97;Ачимгаз;Работник органов ЗАГСа;+7 330 658 8782;valerija_1993@yahoo.com;1985-10-08;171200
Парамон Исидорович Стрелков;Северодвинск;ул. Спартака, д. 5;ТГК-16;Релайтер;+72226838147;antonovdobroslav@hotmail.com;1980-09-30;199231
